2019,Level 4,RS112,Sport and Recreation Activities,Dollars (millions),H30,Total equity and liabilities,Financial position,"6,132","ANZSIC06 groups R911, R912, and R913"
2019,Level 4,RS112,Sport and Recreation Activities,Dollars (millions),H31,Shareholders funds or owners equity,Financial position,"3,900","ANZSIC06 groups R911, R912, and R913"
2019,Level 4,RS112,Sport and Recreation Activities,Dollars (millions),H32,Current liabilities,Financial position,"1,513","ANZSIC06 groups R911, R912, and R913"
2019,Level 4,RS112,Sport and Recreation Activities,Dollars (millions),H33,Other liabilities,Financial position,719,"ANZSIC06 groups R911, R912, and R913"
2019,Level 4,RS112,Sport and Recreation Activities,Dollars,H34,Total income per employee count,Financial ratios,"134,700","ANZSIC06 groups R911, R912, and R913"
2019,Level 4,RS112,Sport and Recreation Activities,Dollars,H35,Surplus per employee count,Financial ratios,"7,300","ANZSIC06 groups R911, R912, and R913"
2019,Level 4,RS112,Sport and Recreation Activities,Percentage,H36,Current ratio,Financial ratios,91,"ANZSIC06 groups R911, R912, and R913"
2019,Level 4,RS112,Sport and Recreation Activities,Percentage,H37,Quick ratio,Financial ratios,87,"ANZSIC06 groups R911, R912, and R913"
2019,Level 4,RS112,Sport and Recreation Activities,Percentage,H39,Return on equity,Financial ratios,4,"ANZSIC06 groups R911, R912, and R913"
2019,Level 4,RS112,Sport and Recreation Activities,Percentage,H40,Return on total assets,Financial ratios,3,"ANZSIC06 groups R911, R912, and R913"
2019,Level 4,RS112,Sport and Recreation Activities,Percentage,H41,Liabilities structure,Financial ratios,64,"ANZSIC06 groups R911, R912, and R913"
2019,Level 4,RS113,Gambling Activities,Dollars (millions),H01,Total income,Financial performance,"4,465",ANZSIC06 group R920
2019,Level 4,RS113,Gambling Activities,Dollars (millions),H04,"Sales, government funding, grants and subsidies",Financial performance,"4,430",ANZSIC06 group R920
2019,Level 4,RS113,Gambling Activities,Dollars (millions),H05,"Interest, dividends and donations",Financial performance,7,ANZSIC06 group R920
2019,Level 4,RS113,Gambling Activities,Dollars (millions),H07,Non-operating income,Financial performance,28,ANZSIC06 group R920
2019,Level 4,RS113,Gambling Activities,Dollars (millions),H08,Total expenditure,Financial performance,"3,782",ANZSIC06 group R920
2019,Level 4,RS113,Gambling Activities,Dollars (millions),H09,Interest and donations,Financial performance,C,ANZSIC06 group R920
2019,Level 4,RS113,Gambling Activities,Dollars (millions),H10,Indirect taxes,Financial performance,184,ANZSIC06 group R920
2019,Level 4,RS113,Gambling Activities,Dollars (millions),H11,Depreciation,Financial performance,127,ANZSIC06 group R920
2019,Level 4,RS113,Gambling Activities,Dollars (millions),H12,Salaries and wages paid,Financial performance,309,ANZSIC06 group R920
2019,Level 4,RS113,Gambling Activities,Dollars (millions),H13,Redundancy and severance,Financial performance,C,ANZSIC06 group R920
2019,Level 4,RS113,Gambling Activities,Dollars (millions),H19,Purchases and other operating expenses,Financial performance,"2,825",ANZSIC06 group R920
2019,Level 4,RS113,Gambling Activities,Dollars (millions),H20,Non-operating expenses,Financial performance,C,ANZSIC06 group R920
2019,Level 4,RS113,Gambling Activities,Dollars (millions),H21,Opening stocks,Financial performance,10,ANZSIC06 group R920
2019,Level 4,RS113,Gambling Activities,Dollars (millions),H22,Closing stocks,Financial performance,12,ANZSIC06 group R920
2019,Level 4,RS113,Gambling Activities,Dollars (millions),H23,Surplus before income tax,Financial performance,685,ANZSIC06 group R920
2019,Level 4,RS113,Gambling Activities,Dollars (millions),H24,Total assets,Financial position,"1,927",ANZSIC06 group R920
2019,Level 4,RS113,Gambling Activities,Dollars (millions),H25,Current assets,Financial position,C,ANZSIC06 group R920
2019,Level 4,RS113,Gambling Activities,Dollars (millions),H26,Fixed tangible assets,Financial position,"1,019",ANZSIC06 group R920
2019,Level 4,RS113,Gambling Activities,Dollars (millions),H27,Additions to fixed assets,Financial position,162,ANZSIC06 group R920
2019,Level 4,RS113,Gambling Activities,Dollars (millions),H28,Disposals of fixed assets,Financial position,33,ANZSIC06 group R920
2019,Level 4,RS113,Gambling Activities,Dollars (millions),H29,Other assets,Financial position,C,ANZSIC06 group R920
2019,Level 4,RS113,Gambling Activities,Dollars (millions),H30,Total equity and liabilities,Financial position,"1,927",ANZSIC06 group R920
2019,Level 4,RS113,Gambling Activities,Dollars (millions),H31,Shareholders funds or owners equity,Financial position,C,ANZSIC06 group R920
2019,Level 4,RS113,Gambling Activities,Dollars (millions),H32,Current liabilities,Financial position,C,ANZSIC06 group R920
2019,Level 4,RS113,Gambling Activities,Dollars (millions),H33,Other liabilities,Financial position,138,ANZSIC06 group R920
2019,Level 4,RS113,Gambling Activities,Dollars,H34,Total income per employee count,Financial ratios,"782,200",ANZSIC06 group R920
2019,Level 4,RS113,Gambling Activities,Dollars,H35,Surplus per employee count,Financial ratios,"120,000",ANZSIC06 group R920
2019,Level 4,RS113,Gambling Activities,Percentage,H36,Current ratio,Financial ratios,C,ANZSIC06 group R920
2019,Level 4,RS113,Gambling Activities,Percentage,H37,Quick ratio,Financial ratios,C,ANZSIC06 group R920
2019,Level 4,RS113,Gambling Activities,Percentage,H39,Return on equity,Financial ratios,C,ANZSIC06 group R920
2019,Level 4,RS113,Gambling Activities,Percentage,H40,Return on total assets,Financial ratios,36,ANZSIC06 group R920
2019,Level 4,RS113,Gambling Activities,Percentage,H41,Liabilities structure,Financial ratios,C,ANZSIC06 group R920
2019,Level 3,RS11,Arts and Recreation Services,Dollars (millions),H01,Total income,Financial performance,"8,681",ANZSIC06 division R
2019,Level 3,RS11,Arts and Recreation Services,Dollars (millions),H04,"Sales, government funding, grants and subsidies",Financial performance,"7,684",ANZSIC06 division R
2019,Level 3,RS11,Arts and Recreation Services,Dollars (millions),H05,"Interest, dividends and donations",Financial performance,914,ANZSIC06 division R
2019,Level 3,RS11,Arts and Recreation Services,Dollars (millions),H07,Non-operating income,Financial performance,84,ANZSIC06 division R
2019,Level 3,RS11,Arts and Recreation Services,Dollars (millions),H08,Total expenditure,Financial performance,"7,674",ANZSIC06 division R
2019,Level 3,RS11,Arts and Recreation Services,Dollars (millions),H09,Interest and donations,Financial performance,343,ANZSIC06 division R
2019,Level 3,RS11,Arts and Recreation Services,Dollars (millions),H10,Indirect taxes,Financial performance,202,ANZSIC06 division R
2019,Level 3,RS11,Arts and Recreation Services,Dollars (millions),H11,Depreciation,Financial performance,345,ANZSIC06 division R
2019,Level 3,RS11,Arts and Recreation Services,Dollars (millions),H12,Salaries and wages paid,Financial performance,"1,460",ANZSIC06 division R
2019,Level 3,RS11,Arts and Recreation Services,Dollars (millions),H13,Redundancy and severance,Financial performance,2,ANZSIC06 division R
2019,Level 3,RS11,Arts and Recreation Services,Dollars (millions),H19,Purchases and other operating expenses,Financial performance,"5,132",ANZSIC06 division R
2019,Level 3,RS11,Arts and Recreation Services,Dollars (millions),H20,Non-operating expenses,Financial performance,193,ANZSIC06 division R
2019,Level 3,RS11,Arts and Recreation Services,Dollars (millions),H21,Opening stocks,Financial performance,92,ANZSIC06 division R
2019,Level 3,RS11,Arts and Recreation Services,Dollars (millions),H22,Closing stocks,Financial performance,98,ANZSIC06 division R
2019,Level 3,RS11,Arts and Recreation Services,Dollars (millions),H23,Surplus before income tax,Financial performance,"1,014",ANZSIC06 division R
2019,Level 3,RS11,Arts and Recreation Services,Dollars (millions),H24,Total assets,Financial position,"10,142",ANZSIC06 division R
2019,Level 3,RS11,Arts and Recreation Services,Dollars (millions),H25,Current assets,Financial position,"2,169",ANZSIC06 division R
2019,Level 3,RS11,Arts and Recreation Services,Dollars (millions),H26,Fixed tangible assets,Financial position,"6,485",ANZSIC06 division R
2019,Level 3,RS11,Arts and Recreation Services,Dollars (millions),H27,Additions to fixed assets,Financial position,759,ANZSIC06 division R
2019,Level 3,RS11,Arts and Recreation Services,Dollars (millions),H28,Disposals of fixed assets,Financial position,218,ANZSIC06 division R
2019,Level 3,RS11,Arts and Recreation Services,Dollars (millions),H29,Other assets,Financial position,"1,489",ANZSIC06 division R
2019,Level 3,RS11,Arts and Recreation Services,Dollars (millions),H30,Total equity and liabilities,Financial position,"10,142",ANZSIC06 division R
2019,Level 3,RS11,Arts and Recreation Services,Dollars (millions),H31,Shareholders funds or owners equity,Financial position,"6,922",ANZSIC06 division R
2019,Level 3,RS11,Arts and Recreation Services,Dollars (millions),H32,Current liabilities,Financial position,"2,209",ANZSIC06 division R
2019,Level 3,RS11,Arts and Recreation Services,Dollars (millions),H33,Other liabilities,Financial position,"1,011",ANZSIC06 division R
2019,Level 3,RS11,Arts and Recreation Services,Dollars,H34,Total income per employee count,Financial ratios,"250,700",ANZSIC06 division R
2019,Level 3,RS11,Arts and Recreation Services,Dollars,H35,Surplus per employee count,Financial ratios,"29,300",ANZSIC06 division R
2019,Level 3,RS11,Arts and Recreation Services,Percentage,H36,Current ratio,Financial ratios,98,ANZSIC06 division R
2019,Level 3,RS11,Arts and Recreation Services,Percentage,H37,Quick ratio,Financial ratios,94,ANZSIC06 division R
2019,Level 3,RS11,Arts and Recreation Services,Percentage,H39,Return on equity,Financial ratios,15,ANZSIC06 division R
2019,Level 3,RS11,Arts and Recreation Services,Percentage,H40,Return on total assets,Financial ratios,10,ANZSIC06 division R
2019,Level 3,RS11,Arts and Recreation Services,Percentage,H41,Liabilities structure,Financial ratios,68,ANZSIC06 division R
2019,Level 4,RS211,Repair and Maintenance,Dollars (millions),H01,Total income,Financial performance,"6,177","ANZSIC06 groups S941, S942, and S949"
2019,Level 4,RS211,Repair and Maintenance,Dollars (millions),H04,"Sales, government funding, grants and subsidies",Financial performance,"6,136","ANZSIC06 groups S941, S942, and S949"
2019,Level 4,RS211,Repair and Maintenance,Dollars (millions),H05,"Interest, dividends and donations",Financial performance,12,"ANZSIC06 groups S941, S942, and S949"
2019,Level 4,RS211,Repair and Maintenance,Dollars (millions),H07,Non-operating income,Financial performance,29,"ANZSIC06 groups S941, S942, and S949"
2019,Level 4,RS211,Repair and Maintenance,Dollars (millions),H08,Total expenditure,Financial performance,"5,705","ANZSIC06 groups S941, S942, and S949"
2019,Level 4,RS211,Repair and Maintenance,Dollars (millions),H09,Interest and donations,Financial performance,53,"ANZSIC06 groups S941, S942, and S949"
2019,Level 4,RS211,Repair and Maintenance,Dollars (millions),H10,Indirect taxes,Financial performance,25,"ANZSIC06 groups S941, S942, and S949"
2019,Level 4,RS211,Repair and Maintenance,Dollars (millions),H11,Depreciation,Financial performance,127,"ANZSIC06 groups S941, S942, and S949"
2019,Level 4,RS211,Repair and Maintenance,Dollars (millions),H12,Salaries and wages paid,Financial performance,"1,668","ANZSIC06 groups S941, S942, and S949"
2019,Level 4,RS211,Repair and Maintenance,Dollars (millions),H13,Redundancy and severance,Financial performance,0,"ANZSIC06 groups S941, S942, and S949"
2019,Level 4,RS211,Repair and Maintenance,Dollars (millions),H19,Purchases and other operating expenses,Financial performance,"3,809","ANZSIC06 groups S941, S942, and S949"
2019,Level 4,RS211,Repair and Maintenance,Dollars (millions),H20,Non-operating expenses,Financial performance,23,"ANZSIC06 groups S941, S942, and S949"
2019,Level 4,RS211,Repair and Maintenance,Dollars (millions),H21,Opening stocks,Financial performance,312,"ANZSIC06 groups S941, S942, and S949"
2019,Level 4,RS211,Repair and Maintenance,Dollars (millions),H22,Closing stocks,Financial performance,338,"ANZSIC06 groups S941, S942, and S949"
2019,Level 4,RS211,Repair and Maintenance,Dollars (millions),H23,Surplus before income tax,Financial performance,499,"ANZSIC06 groups S941, S942, and S949"
2019,Level 4,RS211,Repair and Maintenance,Dollars (millions),H24,Total assets,Financial position,"3,119","ANZSIC06 groups S941, S942, and S949"
2019,Level 4,RS211,Repair and Maintenance,Dollars (millions),H25,Current assets,Financial position,"1,610","ANZSIC06 groups S941, S942, and S949"
2019,Level 4,RS211,Repair and Maintenance,Dollars (millions),H26,Fixed tangible assets,Financial position,"1,063","ANZSIC06 groups S941, S942, and S949"
2019,Level 4,RS211,Repair and Maintenance,Dollars (millions),H27,Additions to fixed assets,Financial position,317,"ANZSIC06 groups S941, S942, and S949"
2019,Level 4,RS211,Repair and Maintenance,Dollars (millions),H28,Disposals of fixed assets,Financial position,136,"ANZSIC06 groups S941, S942, and S949"
2019,Level 4,RS211,Repair and Maintenance,Dollars (millions),H29,Other assets,Financial position,446,"ANZSIC06 groups S941, S942, and S949"
2019,Level 4,RS211,Repair and Maintenance,Dollars (millions),H30,Total equity and liabilities,Financial position,"3,119","ANZSIC06 groups S941, S942, and S949"
2019,Level 4,RS211,Repair and Maintenance,Dollars (millions),H31,Shareholders funds or owners equity,Financial position,"1,056","ANZSIC06 groups S941, S942, and S949"
2019,Level 4,RS211,Repair and Maintenance,Dollars (millions),H32,Current liabilities,Financial position,"1,390","ANZSIC06 groups S941, S942, and S949"
2019,Level 4,RS211,Repair and Maintenance,Dollars (millions),H33,Other liabilities,Financial position,673,"ANZSIC06 groups S941, S942, and S949"
2019,Level 4,RS211,Repair and Maintenance,Dollars,H34,Total income per employee count,Financial ratios,"216,900","ANZSIC06 groups S941, S942, and S949"
2019,Level 4,RS211,Repair and Maintenance,Dollars,H35,Surplus per employee count,Financial ratios,"17,500","ANZSIC06 groups S941, S942, and S949"
2019,Level 4,RS211,Repair and Maintenance,Percentage,H36,Current ratio,Financial ratios,116,"ANZSIC06 groups S941, S942, and S949"
2019,Level 4,RS211,Repair and Maintenance,Percentage,H37,Quick ratio,Financial ratios,92,"ANZSIC06 groups S941, S942, and S949"
2019,Level 4,RS211,Repair and Maintenance,Percentage,H39,Return on equity,Financial ratios,47,"ANZSIC06 groups S941, S942, and S949"
2019,Level 4,RS211,Repair and Maintenance,Percentage,H40,Return on total assets,Financial ratios,16,"ANZSIC06 groups S941, S942, and S949"
2019,Level 4,RS211,Repair and Maintenance,Percentage,H41,Liabilities structure,Financial ratios,34,"ANZSIC06 groups S941, S942, and S949"
2019,Level 4,RS212,"Personal Care, Funeral and Other Personal Services",Dollars (millions),H01,Total income,Financial performance,"2,397","ANZSIC06 groups S951, S952, and S953"
2019,Level 4,RS212,"Personal Care, Funeral and Other Personal Services",Dollars (millions),H04,"Sales, government funding, grants and subsidies",Financial performance,"2,386","ANZSIC06 groups S951, S952, and S953"
2019,Level 4,RS212,"Personal Care, Funeral and Other Personal Services",Dollars (millions),H05,"Interest, dividends and donations",Financial performance,5,"ANZSIC06 groups S951, S952, and S953"
2019,Level 4,RS212,"Personal Care, Funeral and Other Personal Services",Dollars (millions),H07,Non-operating income,Financial performance,6,"ANZSIC06 groups S951, S952, and S953"
2019,Level 4,RS212,"Personal Care, Funeral and Other Personal Services",Dollars (millions),H08,Total expenditure,Financial performance,"2,140","ANZSIC06 groups S951, S952, and S953"
2019,Level 4,RS212,"Personal Care, Funeral and Other Personal Services",Dollars (millions),H09,Interest and donations,Financial performance,39,"ANZSIC06 groups S951, S952, and S953"
2019,Level 4,RS212,"Personal Care, Funeral and Other Personal Services",Dollars (millions),H10,Indirect taxes,Financial performance,16,"ANZSIC06 groups S951, S952, and S953"
2019,Level 4,RS212,"Personal Care, Funeral and Other Personal Services",Dollars (millions),H11,Depreciation,Financial performance,105,"ANZSIC06 groups S951, S952, and S953"
2019,Level 4,RS212,"Personal Care, Funeral and Other Personal Services",Dollars (millions),H12,Salaries and wages paid,Financial performance,823,"ANZSIC06 groups S951, S952, and S953"
2019,Level 4,RS212,"Personal Care, Funeral and Other Personal Services",Dollars (millions),H13,Redundancy and severance,Financial performance,0,"ANZSIC06 groups S951, S952, and S953"
2019,Level 4,RS212,"Personal Care, Funeral and Other Personal Services",Dollars (millions),H19,Purchases and other operating expenses,Financial performance,"1,148","ANZSIC06 groups S951, S952, and S953"
2019,Level 4,RS212,"Personal Care, Funeral and Other Personal Services",Dollars (millions),H20,Non-operating expenses,Financial performance,9,"ANZSIC06 groups S951, S952, and S953"
2019,Level 4,RS212,"Personal Care, Funeral and Other Personal Services",Dollars (millions),H21,Opening stocks,Financial performance,64,"ANZSIC06 groups S951, S952, and S953"
2019,Level 4,RS212,"Personal Care, Funeral and Other Personal Services",Dollars (millions),H22,Closing stocks,Financial performance,66,"ANZSIC06 groups S951, S952, and S953"
2019,Level 4,RS212,"Personal Care, Funeral and Other Personal Services",Dollars (millions),H23,Surplus before income tax,Financial performance,259,"ANZSIC06 groups S951, S952, and S953"
2019,Level 4,RS212,"Personal Care, Funeral and Other Personal Services",Dollars (millions),H24,Total assets,Financial position,"1,864","ANZSIC06 groups S951, S952, and S953"
2019,Level 4,RS212,"Personal Care, Funeral and Other Personal Services",Dollars (millions),H25,Current assets,Financial position,517,"ANZSIC06 groups S951, S952, and S953"
2019,Level 4,RS212,"Personal Care, Funeral and Other Personal Services",Dollars (millions),H26,Fixed tangible assets,Financial position,889,"ANZSIC06 groups S951, S952, and S953"
2019,Level 4,RS212,"Personal Care, Funeral and Other Personal Services",Dollars (millions),H27,Additions to fixed assets,Financial position,249,"ANZSIC06 groups S951, S952, and S953"
2019,Level 4,RS212,"Personal Care, Funeral and Other Personal Services",Dollars (millions),H28,Disposals of fixed assets,Financial position,109,"ANZSIC06 groups S951, S952, and S953"
2019,Level 4,RS212,"Personal Care, Funeral and Other Personal Services",Dollars (millions),H29,Other assets,Financial position,457,"ANZSIC06 groups S951, S952, and S953"
2019,Level 4,RS212,"Personal Care, Funeral and Other Personal Services",Dollars (millions),H30,Total equity and liabilities,Financial position,"1,864","ANZSIC06 groups S951, S952, and S953"
2019,Level 4,RS212,"Personal Care, Funeral and Other Personal Services",Dollars (millions),H31,Shareholders funds or owners equity,Financial position,583,"ANZSIC06 groups S951, S952, and S953"
2019,Level 4,RS212,"Personal Care, Funeral and Other Personal Services",Dollars (millions),H32,Current liabilities,Financial position,634,"ANZSIC06 groups S951, S952, and S953"
2019,Level 4,RS212,"Personal Care, Funeral and Other Personal Services",Dollars (millions),H33,Other liabilities,Financial position,647,"ANZSIC06 groups S951, S952, and S953"
2019,Level 4,RS212,"Personal Care, Funeral and Other Personal Services",Dollars,H34,Total income per employee count,Financial ratios,"121,100","ANZSIC06 groups S951, S952, and S953"
2019,Level 4,RS212,"Personal Care, Funeral and Other Personal Services",Dollars,H35,Surplus per employee count,Financial ratios,"13,100","ANZSIC06 groups S951, S952, and S953"
2019,Level 4,RS212,"Personal Care, Funeral and Other Personal Services",Percentage,H36,Current ratio,Financial ratios,82,"ANZSIC06 groups S951, S952, and S953"
2019,Level 4,RS212,"Personal Care, Funeral and Other Personal Services",Percentage,H37,Quick ratio,Financial ratios,71,"ANZSIC06 groups S951, S952, and S953"
2019,Level 4,RS212,"Personal Care, Funeral and Other Personal Services",Percentage,H39,Return on equity,Financial ratios,44,"ANZSIC06 groups S951, S952, and S953"
2019,Level 4,RS212,"Personal Care, Funeral and Other Personal Services",Percentage,H40,Return on total assets,Financial ratios,14,"ANZSIC06 groups S951, S952, and S953"
2019,Level 4,RS212,"Personal Care, Funeral and Other Personal Services",Percentage,H41,Liabilities structure,Financial ratios,31,"ANZSIC06 groups S951, S952, and S953"
2019,Level 4,RS214,"Civil, Professional and Other Interest Groups",Dollars (millions),H01,Total income,Financial performance,"3,138",ANZSIC06 group S955
2019,Level 4,RS214,"Civil, Professional and Other Interest Groups",Dollars (millions),H04,"Sales, government funding, grants and subsidies",Financial performance,"1,803",ANZSIC06 group S955
2019,Level 4,RS214,"Civil, Professional and Other Interest Groups",Dollars (millions),H05,"Interest, dividends and donations",Financial performance,"1,061",ANZSIC06 group S955
2019,Level 4,RS214,"Civil, Professional and Other Interest Groups",Dollars (millions),H07,Non-operating income,Financial performance,273,ANZSIC06 group S955
2019,Level 4,RS214,"Civil, Professional and Other Interest Groups",Dollars (millions),H08,Total expenditure,Financial performance,"2,691",ANZSIC06 group S955
2019,Level 4,RS214,"Civil, Professional and Other Interest Groups",Dollars (millions),H09,Interest and donations,Financial performance,300,ANZSIC06 group S955
2019,Level 4,RS214,"Civil, Professional and Other Interest Groups",Dollars (millions),H10,Indirect taxes,Financial performance,7,ANZSIC06 group S955
2019,Level 4,RS214,"Civil, Professional and Other Interest Groups",Dollars (millions),H11,Depreciation,Financial performance,38,ANZSIC06 group S955
2019,Level 4,RS214,"Civil, Professional and Other Interest Groups",Dollars (millions),H12,Salaries and wages paid,Financial performance,818,ANZSIC06 group S955
2019,Level 4,RS214,"Civil, Professional and Other Interest Groups",Dollars (millions),H13,Redundancy and severance,Financial performance,0,ANZSIC06 group S955
2019,Level 4,RS214,"Civil, Professional and Other Interest Groups",Dollars (millions),H19,Purchases and other operating expenses,Financial performance,"1,503",ANZSIC06 group S955
2019,Level 4,RS214,"Civil, Professional and Other Interest Groups",Dollars (millions),H20,Non-operating expenses,Financial performance,25,ANZSIC06 group S955
2019,Level 4,RS214,"Civil, Professional and Other Interest Groups",Dollars (millions),H21,Opening stocks,Financial performance,18,ANZSIC06 group S955
2019,Level 4,RS214,"Civil, Professional and Other Interest Groups",Dollars (millions),H22,Closing stocks,Financial performance,20,ANZSIC06 group S955
2019,Level 4,RS214,"Civil, Professional and Other Interest Groups",Dollars (millions),H23,Surplus before income tax,Financial performance,448,ANZSIC06 group S955
2019,Level 4,RS214,"Civil, Professional and Other Interest Groups",Dollars (millions),H24,Total assets,Financial position,"10,235",ANZSIC06 group S955
2019,Level 4,RS214,"Civil, Professional and Other Interest Groups",Dollars (millions),H25,Current assets,Financial position,"3,898",ANZSIC06 group S955
2019,Level 4,RS214,"Civil, Professional and Other Interest Groups",Dollars (millions),H26,Fixed tangible assets,Financial position,"2,246",ANZSIC06 group S955
2019,Level 4,RS214,"Civil, Professional and Other Interest Groups",Dollars (millions),H27,Additions to fixed assets,Financial position,175,ANZSIC06 group S955
2019,Level 4,RS214,"Civil, Professional and Other Interest Groups",Dollars (millions),H28,Disposals of fixed assets,Financial position,64,ANZSIC06 group S955
2019,Level 4,RS214,"Civil, Professional and Other Interest Groups",Dollars (millions),H29,Other assets,Financial position,"4,091",ANZSIC06 group S955
2019,Level 4,RS214,"Civil, Professional and Other Interest Groups",Dollars (millions),H30,Total equity and liabilities,Financial position,"10,235",ANZSIC06 group S955
2019,Level 4,RS214,"Civil, Professional and Other Interest Groups",Dollars (millions),H31,Shareholders funds or owners equity,Financial position,"8,797",ANZSIC06 group S955
2019,Level 4,RS214,"Civil, Professional and Other Interest Groups",Dollars (millions),H32,Current liabilities,Financial position,"1,357",ANZSIC06 group S955
2019,Level 4,RS214,"Civil, Professional and Other Interest Groups",Dollars (millions),H33,Other liabilities,Financial position,80,ANZSIC06 group S955
2019,Level 4,RS214,"Civil, Professional and Other Interest Groups",Dollars,H34,Total income per employee count,Financial ratios,"190,500",ANZSIC06 group S955
2019,Level 4,RS214,"Civil, Professional and Other Interest Groups",Dollars,H35,Surplus per employee count,Financial ratios,"27,200",ANZSIC06 group S955
2019,Level 4,RS214,"Civil, Professional and Other Interest Groups",Percentage,H36,Current ratio,Financial ratios,287,ANZSIC06 group S955
2019,Level 4,RS214,"Civil, Professional and Other Interest Groups",Percentage,H37,Quick ratio,Financial ratios,286,ANZSIC06 group S955
2019,Level 4,RS214,"Civil, Professional and Other Interest Groups",Percentage,H39,Return on equity,Financial ratios,5,ANZSIC06 group S955
2019,Level 4,RS214,"Civil, Professional and Other Interest Groups",Percentage,H40,Return on total assets,Financial ratios,4,ANZSIC06 group S955
2019,Level 4,RS214,"Civil, Professional and Other Interest Groups",Percentage,H41,Liabilities structure,Financial ratios,86,ANZSIC06 group S955
2019,Level 3,RS21,Other Services,Dollars (millions),H01,Total income,Financial performance,"11,712","ANZSIC06 division S (excluding classes S9540, S9601, S9602, and S9603)"
2019,Level 3,RS21,Other Services,Dollars (millions),H04,"Sales, government funding, grants and subsidies",Financial performance,"10,326","ANZSIC06 division S (excluding classes S9540, S9601, S9602, and S9603)"
2019,Level 3,RS21,Other Services,Dollars (millions),H05,"Interest, dividends and donations",Financial performance,"1,078","ANZSIC06 division S (excluding classes S9540, S9601, S9602, and S9603)"
2019,Level 3,RS21,Other Services,Dollars (millions),H07,Non-operating income,Financial performance,308,"ANZSIC06 division S (excluding classes S9540, S9601, S9602, and S9603)"
2019,Level 3,RS21,Other Services,Dollars (millions),H08,Total expenditure,Financial performance,"10,536","ANZSIC06 division S (excluding classes S9540, S9601, S9602, and S9603)"
2019,Level 3,RS21,Other Services,Dollars (millions),H09,Interest and donations,Financial performance,391,"ANZSIC06 division S (excluding classes S9540, S9601, S9602, and S9603)"
2019,Level 3,RS21,Other Services,Dollars (millions),H10,Indirect taxes,Financial performance,49,"ANZSIC06 division S (excluding classes S9540, S9601, S9602, and S9603)"
2019,Level 3,RS21,Other Services,Dollars (millions),H11,Depreciation,Financial performance,271,"ANZSIC06 division S (excluding classes S9540, S9601, S9602, and S9603)"
2019,Level 3,RS21,Other Services,Dollars (millions),H12,Salaries and wages paid,Financial performance,"3,309","ANZSIC06 division S (excluding classes S9540, S9601, S9602, and S9603)"
2019,Level 3,RS21,Other Services,Dollars (millions),H13,Redundancy and severance,Financial performance,1,"ANZSIC06 division S (excluding classes S9540, S9601, S9602, and S9603)"
2019,Level 3,RS21,Other Services,Dollars (millions),H19,Purchases and other operating expenses,Financial performance,"6,460","ANZSIC06 division S (excluding classes S9540, S9601, S9602, and S9603)"
2019,Level 3,RS21,Other Services,Dollars (millions),H20,Non-operating expenses,Financial performance,56,"ANZSIC06 division S (excluding classes S9540, S9601, S9602, and S9603)"
2019,Level 3,RS21,Other Services,Dollars (millions),H21,Opening stocks,Financial performance,394,"ANZSIC06 division S (excluding classes S9540, S9601, S9602, and S9603)"
2019,Level 3,RS21,Other Services,Dollars (millions),H22,Closing stocks,Financial performance,425,"ANZSIC06 division S (excluding classes S9540, S9601, S9602, and S9603)"
2019,Level 3,RS21,Other Services,Dollars (millions),H23,Surplus before income tax,Financial performance,"1,207","ANZSIC06 division S (excluding classes S9540, S9601, S9602, and S9603)"
2019,Level 3,RS21,Other Services,Dollars (millions),H24,Total assets,Financial position,"15,218","ANZSIC06 division S (excluding classes S9540, S9601, S9602, and S9603)"
2019,Level 3,RS21,Other Services,Dollars (millions),H25,Current assets,Financial position,"6,026","ANZSIC06 division S (excluding classes S9540, S9601, S9602, and S9603)"
2019,Level 3,RS21,Other Services,Dollars (millions),H26,Fixed tangible assets,Financial position,"4,198","ANZSIC06 division S (excluding classes S9540, S9601, S9602, and S9603)"
2019,Level 3,RS21,Other Services,Dollars (millions),H27,Additions to fixed assets,Financial position,741,"ANZSIC06 division S (excluding classes S9540, S9601, S9602, and S9603)"
2019,Level 3,RS21,Other Services,Dollars (millions),H28,Disposals of fixed assets,Financial position,309,"ANZSIC06 division S (excluding classes S9540, S9601, S9602, and S9603)"
2019,Level 3,RS21,Other Services,Dollars (millions),H29,Other assets,Financial position,"4,995","ANZSIC06 division S (excluding classes S9540, S9601, S9602, and S9603)"
2019,Level 3,RS21,Other Services,Dollars (millions),H30,Total equity and liabilities,Financial position,"15,218","ANZSIC06 division S (excluding classes S9540, S9601, S9602, and S9603)"
2019,Level 3,RS21,Other Services,Dollars (millions),H31,Shareholders funds or owners equity,Financial position,"10,436","ANZSIC06 division S (excluding classes S9540, S9601, S9602, and S9603)"
2019,Level 3,RS21,Other Services,Dollars (millions),H32,Current liabilities,Financial position,"3,381","ANZSIC06 division S (excluding classes S9540, S9601, S9602, and S9603)"
2019,Level 3,RS21,Other Services,Dollars (millions),H33,Other liabilities,Financial position,"1,401","ANZSIC06 division S (excluding classes S9540, S9601, S9602, and S9603)"
2019,Level 3,RS21,Other Services,Dollars,H34,Total income per employee count,Financial ratios,"180,900","ANZSIC06 division S (excluding classes S9540, S9601, S9602, and S9603)"
2019,Level 3,RS21,Other Services,Dollars,H35,Surplus per employee count,Financial ratios,"18,600","ANZSIC06 division S (excluding classes S9540, S9601, S9602, and S9603)"
2019,Level 3,RS21,Other Services,Percentage,H36,Current ratio,Financial ratios,178,"ANZSIC06 division S (excluding classes S9540, S9601, S9602, and S9603)"
2019,Level 3,RS21,Other Services,Percentage,H37,Quick ratio,Financial ratios,166,"ANZSIC06 division S (excluding classes S9540, S9601, S9602, and S9603)"
2019,Level 3,RS21,Other Services,Percentage,H39,Return on equity,Financial ratios,12,"ANZSIC06 division S (excluding classes S9540, S9601, S9602, and S9603)"
2019,Level 3,RS21,Other Services,Percentage,H40,Return on total assets,Financial ratios,8,"ANZSIC06 division S (excluding classes S9540, S9601, S9602, and S9603)"
2019,Level 3,RS21,Other Services,Percentage,H41,Liabilities structure,Financial ratios,69,"ANZSIC06 division S (excluding classes S9540, S9601, S9602, and S9603)"
2019,Level 1,RS,"Arts, Recreation and Other Services",Dollars (millions),H01,Total income,Financial performance,"20,393",ANZSIC06 divisions R and S
2019,Level 1,RS,"Arts, Recreation and Other Services",Dollars (millions),H04,"Sales, government funding, grants and subsidies",Financial performance,"18,010",ANZSIC06 divisions R and S
2019,Level 1,RS,"Arts, Recreation and Other Services",Dollars (millions),H05,"Interest, dividends and donations",Financial performance,"1,992",ANZSIC06 divisions R and S
2019,Level 1,RS,"Arts, Recreation and Other Services",Dollars (millions),H07,Non-operating income,Financial performance,392,ANZSIC06 divisions R and S
2019,Level 1,RS,"Arts, Recreation and Other Services",Dollars (millions),H08,Total expenditure,Financial performance,"18,210",ANZSIC06 divisions R and S
2019,Level 1,RS,"Arts, Recreation and Other Services",Dollars (millions),H09,Interest and donations,Financial performance,735,ANZSIC06 divisions R and S
2019,Level 1,RS,"Arts, Recreation and Other Services",Dollars (millions),H10,Indirect taxes,Financial performance,250,ANZSIC06 divisions R and S
2019,Level 1,RS,"Arts, Recreation and Other Services",Dollars (millions),H11,Depreciation,Financial performance,615,ANZSIC06 divisions R and S
2019,Level 1,RS,"Arts, Recreation and Other Services",Dollars (millions),H12,Salaries and wages paid,Financial performance,"4,769",ANZSIC06 divisions R and S
2019,Level 1,RS,"Arts, Recreation and Other Services",Dollars (millions),H13,Redundancy and severance,Financial performance,2,ANZSIC06 divisions R and S
2019,Level 1,RS,"Arts, Recreation and Other Services",Dollars (millions),H19,Purchases and other operating expenses,Financial performance,"11,592",ANZSIC06 divisions R and S
2019,Level 1,RS,"Arts, Recreation and Other Services",Dollars (millions),H20,Non-operating expenses,Financial performance,249,ANZSIC06 divisions R and S
2019,Level 1,RS,"Arts, Recreation and Other Services",Dollars (millions),H21,Opening stocks,Financial performance,486,ANZSIC06 divisions R and S
2019,Level 1,RS,"Arts, Recreation and Other Services",Dollars (millions),H22,Closing stocks,Financial performance,523,ANZSIC06 divisions R and S
2019,Level 1,RS,"Arts, Recreation and Other Services",Dollars (millions),H23,Surplus before income tax,Financial performance,"2,220",ANZSIC06 divisions R and S
2019,Level 1,RS,"Arts, Recreation and Other Services",Dollars (millions),H24,Total assets,Financial position,"25,361",ANZSIC06 divisions R and S
2019,Level 1,RS,"Arts, Recreation and Other Services",Dollars (millions),H25,Current assets,Financial position,"8,195",ANZSIC06 divisions R and S
2019,Level 1,RS,"Arts, Recreation and Other Services",Dollars (millions),H26,Fixed tangible assets,Financial position,"10,683",ANZSIC06 divisions R and S
2019,Level 1,RS,"Arts, Recreation and Other Services",Dollars (millions),H27,Additions to fixed assets,Financial position,"1,500",ANZSIC06 divisions R and S
2019,Level 1,RS,"Arts, Recreation and Other Services",Dollars (millions),H28,Disposals of fixed assets,Financial position,527,ANZSIC06 divisions R and S
2019,Level 1,RS,"Arts, Recreation and Other Services",Dollars (millions),H29,Other assets,Financial position,"6,483",ANZSIC06 divisions R and S
2019,Level 1,RS,"Arts, Recreation and Other Services",Dollars (millions),H30,Total equity and liabilities,Financial position,"25,361",ANZSIC06 divisions R and S
2019,Level 1,RS,"Arts, Recreation and Other Services",Dollars (millions),H31,Shareholders funds or owners equity,Financial position,"17,359",ANZSIC06 divisions R and S
2019,Level 1,RS,"Arts, Recreation and Other Services",Dollars (millions),H32,Current liabilities,Financial position,"5,591",ANZSIC06 divisions R and S
2019,Level 1,RS,"Arts, Recreation and Other Services",Dollars (millions),H33,Other liabilities,Financial position,"2,411",ANZSIC06 divisions R and S
2019,Level 1,RS,"Arts, Recreation and Other Services",Dollars,H34,Total income per employee count,Financial ratios,"205,200",ANZSIC06 divisions R and S
2019,Level 1,RS,"Arts, Recreation and Other Services",Dollars,H35,Surplus per employee count,Financial ratios,"22,300",ANZSIC06 divisions R and S
2019,Level 1,RS,"Arts, Recreation and Other Services",Percentage,H36,Current ratio,Financial ratios,147,ANZSIC06 divisions R and S
2019,Level 1,RS,"Arts, Recreation and Other Services",Percentage,H37,Quick ratio,Financial ratios,137,ANZSIC06 divisions R and S
2019,Level 1,RS,"Arts, Recreation and Other Services",Percentage,H39,Return on equity,Financial ratios,13,ANZSIC06 divisions R and S
2019,Level 1,RS,"Arts, Recreation and Other Services",Percentage,H40,Return on total assets,Financial ratios,9,ANZSIC06 divisions R and S
2019,Level 1,RS,"Arts, Recreation and Other Services",Percentage,H41,Liabilities structure,Financial ratios,68,ANZSIC06 divisions R and S
2019,Level 3,ZZ11,Food Product Manufacturing,Dollars (millions),H01,Total income,Financial performance,"45,225","ANZSIC06 groups C111, C112, C113, C114, C115, C116, C117, C118, and C119"
2019,Level 3,ZZ11,Food Product Manufacturing,Dollars (millions),H02,Sales of goods not further processed,Financial performance,"1,575","ANZSIC06 groups C111, C112, C113, C114, C115, C116, C117, C118, and C119"
2019,Level 3,ZZ11,Food Product Manufacturing,Dollars (millions),H03,Sales of other goods and services,Financial performance,"43,135","ANZSIC06 groups C111, C112, C113, C114, C115, C116, C117, C118, and C119"
2019,Level 3,ZZ11,Food Product Manufacturing,Dollars (millions),H05,"Interest, dividends and donations",Financial performance,307,"ANZSIC06 groups C111, C112, C113, C114, C115, C116, C117, C118, and C119"
2019,Level 3,ZZ11,Food Product Manufacturing,Dollars (millions),H06,"Government funding, grants and subsidies",Financial performance,4,"ANZSIC06 groups C111, C112, C113, C114, C115, C116, C117, C118, and C119"
2019,Level 3,ZZ11,Food Product Manufacturing,Dollars (millions),H07,Non-operating income,Financial performance,203,"ANZSIC06 groups C111, C112, C113, C114, C115, C116, C117, C118, and C119"
2019,Level 3,ZZ11,Food Product Manufacturing,Dollars (millions),H08,Total expenditure,Financial performance,"42,859","ANZSIC06 groups C111, C112, C113, C114, C115, C116, C117, C118, and C119"
2019,Level 3,ZZ11,Food Product Manufacturing,Dollars (millions),H09,Interest and donations,Financial performance,192,"ANZSIC06 groups C111, C112, C113, C114, C115, C116, C117, C118, and C119"
2019,Level 3,ZZ11,Food Product Manufacturing,Dollars (millions),H10,Indirect taxes,Financial performance,117,"ANZSIC06 groups C111, C112, C113, C114, C115, C116, C117, C118, and C119"
2019,Level 3,ZZ11,Food Product Manufacturing,Dollars (millions),H11,Depreciation,Financial performance,999,"ANZSIC06 groups C111, C112, C113, C114, C115, C116, C117, C118, and C119"
2019,Level 3,ZZ11,Food Product Manufacturing,Dollars (millions),H12,Salaries and wages paid,Financial performance,"5,018","ANZSIC06 groups C111, C112, C113, C114, C115, C116, C117, C118, and C119"
2019,Level 3,ZZ11,Food Product Manufacturing,Dollars (millions),H13,Redundancy and severance,Financial performance,18,"ANZSIC06 groups C111, C112, C113, C114, C115, C116, C117, C118, and C119"
2019,Level 3,ZZ11,Food Product Manufacturing,Dollars (millions),H17,Purchases of goods bought for resale,Financial performance,"1,129","ANZSIC06 groups C111, C112, C113, C114, C115, C116, C117, C118, and C119"
2019,Level 3,ZZ11,Food Product Manufacturing,Dollars (millions),H18,Other Purchases and operating expenses,Financial performance,"35,214","ANZSIC06 groups C111, C112, C113, C114, C115, C116, C117, C118, and C119"
2019,Level 3,ZZ11,Food Product Manufacturing,Dollars (millions),H20,Non-operating expenses,Financial performance,190,"ANZSIC06 groups C111, C112, C113, C114, C115, C116, C117, C118, and C119"
2019,Level 3,ZZ11,Food Product Manufacturing,Dollars (millions),H21,Opening stocks,Financial performance,"4,708","ANZSIC06 groups C111, C112, C113, C114, C115, C116, C117, C118, and C119"
2019,Level 3,ZZ11,Food Product Manufacturing,Dollars (millions),H22,Closing stocks,Financial performance,"5,037","ANZSIC06 groups C111, C112, C113, C114, C115, C116, C117, C118, and C119"
2019,Level 3,ZZ11,Food Product Manufacturing,Dollars (millions),H23,Surplus before income tax,Financial performance,"2,695","ANZSIC06 groups C111, C112, C113, C114, C115, C116, C117, C118, and C119"
2019,Level 3,ZZ11,Food Product Manufacturing,Dollars (millions),H24,Total assets,Financial position,"32,947","ANZSIC06 groups C111, C112, C113, C114, C115, C116, C117, C118, and C119"
2019,Level 3,ZZ11,Food Product Manufacturing,Dollars (millions),H25,Current assets,Financial position,"13,601","ANZSIC06 groups C111, C112, C113, C114, C115, C116, C117, C118, and C119"
2019,Level 3,ZZ11,Food Product Manufacturing,Dollars (millions),H26,Fixed tangible assets,Financial position,"12,429","ANZSIC06 groups C111, C112, C113, C114, C115, C116, C117, C118, and C119"
2019,Level 3,ZZ11,Food Product Manufacturing,Dollars (millions),H27,Additions to fixed assets,Financial position,"2,112","ANZSIC06 groups C111, C112, C113, C114, C115, C116, C117, C118, and C119"
2019,Level 3,ZZ11,Food Product Manufacturing,Dollars (millions),H28,Disposals of fixed assets,Financial position,357,"ANZSIC06 groups C111, C112, C113, C114, C115, C116, C117, C118, and C119"
2019,Level 3,ZZ11,Food Product Manufacturing,Dollars (millions),H29,Other assets,Financial position,"6,917","ANZSIC06 groups C111, C112, C113, C114, C115, C116, C117, C118, and C119"
2019,Level 3,ZZ11,Food Product Manufacturing,Dollars (millions),H30,Total equity and liabilities,Financial position,"32,947","ANZSIC06 groups C111, C112, C113, C114, C115, C116, C117, C118, and C119"
2019,Level 3,ZZ11,Food Product Manufacturing,Dollars (millions),H31,Shareholders funds or owners equity,Financial position,"15,480","ANZSIC06 groups C111, C112, C113, C114, C115, C116, C117, C118, and C119"
2019,Level 3,ZZ11,Food Product Manufacturing,Dollars (millions),H32,Current liabilities,Financial position,"10,028","ANZSIC06 groups C111, C112, C113, C114, C115, C116, C117, C118, and C119"
2019,Level 3,ZZ11,Food Product Manufacturing,Dollars (millions),H33,Other liabilities,Financial position,"7,438","ANZSIC06 groups C111, C112, C113, C114, C115, C116, C117, C118, and C119"
2019,Level 3,ZZ11,Food Product Manufacturing,Dollars,H34,Total income per employee count,Financial ratios,"598,600","ANZSIC06 groups C111, C112, C113, C114, C115, C116, C117, C118, and C119"
2019,Level 3,ZZ11,Food Product Manufacturing,Dollars,H35,Surplus per employee count,Financial ratios,"35,700","ANZSIC06 groups C111, C112, C113, C114, C115, C116, C117, C118, and C119"
2019,Level 3,ZZ11,Food Product Manufacturing,Percentage,H36,Current ratio,Financial ratios,136,"ANZSIC06 groups C111, C112, C113, C114, C115, C116, C117, C118, and C119"
2019,Level 3,ZZ11,Food Product Manufacturing,Percentage,H37,Quick ratio,Financial ratios,85,"ANZSIC06 groups C111, C112, C113, C114, C115, C116, C117, C118, and C119"
2019,Level 3,ZZ11,Food Product Manufacturing,Percentage,H38,Margin on sales of goods for resale,Financial ratios,28,"ANZSIC06 groups C111, C112, C113, C114, C115, C116, C117, C118, and C119"
2019,Level 3,ZZ11,Food Product Manufacturing,Percentage,H39,Return on equity,Financial ratios,17,"ANZSIC06 groups C111, C112, C113, C114, C115, C116, C117, C118, and C119"
2019,Level 3,ZZ11,Food Product Manufacturing,Percentage,H40,Return on total assets,Financial ratios,8,"ANZSIC06 groups C111, C112, C113, C114, C115, C116, C117, C118, and C119"
2019,Level 3,ZZ11,Food Product Manufacturing,Percentage,H41,Liabilities structure,Financial ratios,47,"ANZSIC06 groups C111, C112, C113, C114, C115, C116, C117, C118, and C119"
2018,Level 1,99999,All industries,Dollars (millions),H01,Total income,Financial performance,"692,535","ANZSIC06 divisions A-S (excluding classes K6330, L6711, O7552, O760, O771, O772, S9540, S9601, S9602, and S9603)"
2018,Level 1,99999,All industries,Dollars (millions),H04,"Sales, government funding, grants and subsidies",Financial performance,"605,756","ANZSIC06 divisions A-S (excluding classes K6330, L6711, O7552, O760, O771, O772, S9540, S9601, S9602, and S9603)"
2018,Level 1,99999,All industries,Dollars (millions),H05,"Interest, dividends and donations",Financial performance,"64,386","ANZSIC06 divisions A-S (excluding classes K6330, L6711, O7552, O760, O771, O772, S9540, S9601, S9602, and S9603)"
2018,Level 1,99999,All industries,Dollars (millions),H07,Non-operating income,Financial performance,"22,394","ANZSIC06 divisions A-S (excluding classes K6330, L6711, O7552, O760, O771, O772, S9540, S9601, S9602, and S9603)"
2018,Level 1,99999,All industries,Dollars (millions),H08,Total expenditure,Financial performance,"598,189","ANZSIC06 divisions A-S (excluding classes K6330, L6711, O7552, O760, O771, O772, S9540, S9601, S9602, and S9603)"
2018,Level 1,99999,All industries,Dollars (millions),H09,Interest and donations,Financial performance,"34,492","ANZSIC06 divisions A-S (excluding classes K6330, L6711, O7552, O760, O771, O772, S9540, S9601, S9602, and S9603)"
2018,Level 1,99999,All industries,Dollars (millions),H10,Indirect taxes,Financial performance,"7,125","ANZSIC06 divisions A-S (excluding classes K6330, L6711, O7552, O760, O771, O772, S9540, S9601, S9602, and S9603)"
2018,Level 1,99999,All industries,Dollars (millions),H11,Depreciation,Financial performance,"19,734","ANZSIC06 divisions A-S (excluding classes K6330, L6711, O7552, O760, O771, O772, S9540, S9601, S9602, and S9603)"
2018,Level 1,99999,All industries,Dollars (millions),H12,Salaries and wages paid,Financial performance,"106,522","ANZSIC06 divisions A-S (excluding classes K6330, L6711, O7552, O760, O771, O772, S9540, S9601, S9602, and S9603)"
2018,Level 1,99999,All industries,Dollars (millions),H13,Redundancy and severance,Financial performance,297,"ANZSIC06 divisions A-S (excluding classes K6330, L6711, O7552, O760, O771, O772, S9540, S9601, S9602, and S9603)"
2018,Level 1,99999,All industries,Dollars (millions),H14,Salaries and wages to self employed commission agents,Financial performance,"1,659","ANZSIC06 divisions A-S (excluding classes K6330, L6711, O7552, O760, O771, O772, S9540, S9601, S9602, and S9603)"
2018,Level 1,99999,All industries,Dollars (millions),H19,Purchases and other operating expenses,Financial performance,"418,536","ANZSIC06 divisions A-S (excluding classes K6330, L6711, O7552, O760, O771, O772, S9540, S9601, S9602, and S9603)"
2018,Level 1,99999,All industries,Dollars (millions),H20,Non-operating expenses,Financial performance,"10,121","ANZSIC06 divisions A-S (excluding classes K6330, L6711, O7552, O760, O771, O772, S9540, S9601, S9602, and S9603)"
2018,Level 1,99999,All industries,Dollars (millions),H21,Opening stocks,Financial performance,"59,390","ANZSIC06 divisions A-S (excluding classes K6330, L6711, O7552, O760, O771, O772, S9540, S9601, S9602, and S9603)"
2018,Level 1,99999,All industries,Dollars (millions),H22,Closing stocks,Financial performance,"63,508","ANZSIC06 divisions A-S (excluding classes K6330, L6711, O7552, O760, O771, O772, S9540, S9601, S9602, and S9603)"
2018,Level 1,99999,All industries,Dollars (millions),H23,Surplus before income tax,Financial performance,"98,464","ANZSIC06 divisions A-S (excluding classes K6330, L6711, O7552, O760, O771, O772, S9540, S9601, S9602, and S9603)"
2018,Level 1,99999,All industries,Dollars (millions),H24,Total assets,Financial position,"2,079,718","ANZSIC06 divisions A-S (excluding classes K6330, L6711, O7552, O760, O771, O772, S9540, S9601, S9602, and S9603)"
2018,Level 1,99999,All industries,Dollars (millions),H25,Current assets,Financial position,"571,900","ANZSIC06 divisions A-S (excluding classes K6330, L6711, O7552, O760, O771, O772, S9540, S9601, S9602, and S9603)"
2018,Level 1,99999,All industries,Dollars (millions),H26,Fixed tangible assets,Financial position,"497,510","ANZSIC06 divisions A-S (excluding classes K6330, L6711, O7552, O760, O771, O772, S9540, S9601, S9602, and S9603)"
2018,Level 1,99999,All industries,Dollars (millions),H29,Other assets,Financial position,"1,010,308","ANZSIC06 divisions A-S (excluding classes K6330, L6711, O7552, O760, O771, O772, S9540, S9601, S9602, and S9603)"
2018,Level 1,99999,All industries,Dollars (millions),H30,Total equity and liabilities,Financial position,"2,079,719","ANZSIC06 divisions A-S (excluding classes K6330, L6711, O7552, O760, O771, O772, S9540, S9601, S9602, and S9603)"
2018,Level 1,99999,All industries,Dollars (millions),H31,Shareholders funds or owners equity,Financial position,"703,212","ANZSIC06 divisions A-S (excluding classes K6330, L6711, O7552, O760, O771, O772, S9540, S9601, S9602, and S9603)"
2018,Level 1,99999,All industries,Dollars (millions),H32,Current liabilities,Financial position,"738,630","ANZSIC06 divisions A-S (excluding classes K6330, L6711, O7552, O760, O771, O772, S9540, S9601, S9602, and S9603)"
2018,Level 1,99999,All industries,Dollars (millions),H33,Other liabilities,Financial position,"637,877","ANZSIC06 divisions A-S (excluding classes K6330, L6711, O7552, O760, O771, O772, S9540, S9601, S9602, and S9603)"
2018,Level 1,99999,All industries,Dollars,H34,Total income per employee count,Financial ratios,"377,300","ANZSIC06 divisions A-S (excluding classes K6330, L6711, O7552, O760, O771, O772, S9540, S9601, S9602, and S9603)"
2018,Level 1,99999,All industries,Dollars,H35,Surplus per employee count,Financial ratios,"53,600","ANZSIC06 divisions A-S (excluding classes K6330, L6711, O7552, O760, O771, O772, S9540, S9601, S9602, and S9603)"
2018,Level 1,99999,All industries,Percentage,H36,Current ratio,Financial ratios,77,"ANZSIC06 divisions A-S (excluding classes K6330, L6711, O7552, O760, O771, O772, S9540, S9601, S9602, and S9603)"
2018,Level 1,99999,All industries,Percentage,H37,Quick ratio,Financial ratios,69,"ANZSIC06 divisions A-S (excluding classes K6330, L6711, O7552, O760, O771, O772, S9540, S9601, S9602, and S9603)"
2018,Level 1,99999,All industries,Percentage,H39,Return on equity,Financial ratios,14,"ANZSIC06 divisions A-S (excluding classes K6330, L6711, O7552, O760, O771, O772, S9540, S9601, S9602, and S9603)"
2018,Level 1,99999,All industries,Percentage,H40,Return on total assets,Financial ratios,5,"ANZSIC06 divisions A-S (excluding classes K6330, L6711, O7552, O760, O771, O772, S9540, S9601, S9602, and S9603)"
2018,Level 1,99999,All industries,Percentage,H41,Liabilities structure,Financial ratios,34,"ANZSIC06 divisions A-S (excluding classes K6330, L6711, O7552, O760, O771, O772, S9540, S9601, S9602, and S9603)"
2018,Level 4,AA111,Horticulture and Fruit Growing,Dollars (millions),H01,Total income,Financial performance,"4,478","ANZSIC06 groups A011, A012, and A013"
2018,Level 4,AA111,Horticulture and Fruit Growing,Dollars (millions),H04,"Sales, government funding, grants and subsidies",Financial performance,"4,164","ANZSIC06 groups A011, A012, and A013"
2018,Level 4,AA111,Horticulture and Fruit Growing,Dollars (millions),H05,"Interest, dividends and donations",Financial performance,103,"ANZSIC06 groups A011, A012, and A013"
2018,Level 4,AA111,Horticulture and Fruit Growing,Dollars (millions),H07,Non-operating income,Financial performance,211,"ANZSIC06 groups A011, A012, and A013"
2018,Level 4,AA111,Horticulture and Fruit Growing,Dollars (millions),H08,Total expenditure,Financial performance,"3,613","ANZSIC06 groups A011, A012, and A013"
2018,Level 4,AA111,Horticulture and Fruit Growing,Dollars (millions),H09,Interest and donations,Financial performance,181,"ANZSIC06 groups A011, A012, and A013"
2018,Level 4,AA111,Horticulture and Fruit Growing,Dollars (millions),H10,Indirect taxes,Financial performance,33,"ANZSIC06 groups A011, A012, and A013"
2018,Level 4,AA111,Horticulture and Fruit Growing,Dollars (millions),H11,Depreciation,Financial performance,202,"ANZSIC06 groups A011, A012, and A013"
2018,Level 4,AA111,Horticulture and Fruit Growing,Dollars (millions),H12,Salaries and wages paid,Financial performance,761,"ANZSIC06 groups A011, A012, and A013"
2018,Level 4,AA111,Horticulture and Fruit Growing,Dollars (millions),H13,Redundancy and severance,Financial performance,0,"ANZSIC06 groups A011, A012, and A013"
2018,Level 4,AA111,Horticulture and Fruit Growing,Dollars (millions),H19,Purchases and other operating expenses,Financial performance,"2,421","ANZSIC06 groups A011, A012, and A013"
2018,Level 4,AA111,Horticulture and Fruit Growing,Dollars (millions),H20,Non-operating expenses,Financial performance,14,"ANZSIC06 groups A011, A012, and A013"
2018,Level 4,AA111,Horticulture and Fruit Growing,Dollars (millions),H21,Opening stocks,Financial performance,336,"ANZSIC06 groups A011, A012, and A013"
2018,Level 4,AA111,Horticulture and Fruit Growing,Dollars (millions),H22,Closing stocks,Financial performance,333,"ANZSIC06 groups A011, A012, and A013"
2018,Level 4,AA111,Horticulture and Fruit Growing,Dollars (millions),H23,Surplus before income tax,Financial performance,863,"ANZSIC06 groups A011, A012, and A013"
2018,Level 4,AA111,Horticulture and Fruit Growing,Dollars (millions),H24,Total assets,Financial position,"13,261","ANZSIC06 groups A011, A012, and A013"
2018,Level 4,AA111,Horticulture and Fruit Growing,Dollars (millions),H25,Current assets,Financial position,"2,376","ANZSIC06 groups A011, A012, and A013"
2018,Level 4,AA111,Horticulture and Fruit Growing,Dollars (millions),H26,Fixed tangible assets,Financial position,"8,753","ANZSIC06 groups A011, A012, and A013"
2018,Level 4,AA111,Horticulture and Fruit Growing,Dollars (millions),H29,Other assets,Financial position,"2,132","ANZSIC06 groups A011, A012, and A013"
2018,Level 4,AA111,Horticulture and Fruit Growing,Dollars (millions),H30,Total equity and liabilities,Financial position,"13,261","ANZSIC06 groups A011, A012, and A013"
2018,Level 4,AA111,Horticulture and Fruit Growing,Dollars (millions),H31,Shareholders funds or owners equity,Financial position,"6,133","ANZSIC06 groups A011, A012, and A013"
2018,Level 4,AA111,Horticulture and Fruit Growing,Dollars (millions),H32,Current liabilities,Financial position,"3,227","ANZSIC06 groups A011, A012, and A013"
2018,Level 4,AA111,Horticulture and Fruit Growing,Dollars (millions),H33,Other liabilities,Financial position,"3,901","ANZSIC06 groups A011, A012, and A013"
2018,Level 4,AA111,Horticulture and Fruit Growing,Dollars,H34,Total income per employee count,Financial ratios,"181,600","ANZSIC06 groups A011, A012, and A013"
2018,Level 4,AA111,Horticulture and Fruit Growing,Dollars,H35,Surplus per employee count,Financial ratios,"35,000","ANZSIC06 groups A011, A012, and A013"
2018,Level 4,AA111,Horticulture and Fruit Growing,Percentage,H36,Current ratio,Financial ratios,74,"ANZSIC06 groups A011, A012, and A013"
2018,Level 4,AA111,Horticulture and Fruit Growing,Percentage,H37,Quick ratio,Financial ratios,63,"ANZSIC06 groups A011, A012, and A013"
2018,Level 4,AA111,Horticulture and Fruit Growing,Percentage,H39,Return on equity,Financial ratios,14,"ANZSIC06 groups A011, A012, and A013"
2018,Level 4,AA111,Horticulture and Fruit Growing,Percentage,H40,Return on total assets,Financial ratios,7,"ANZSIC06 groups A011, A012, and A013"
2018,Level 4,AA111,Horticulture and Fruit Growing,Percentage,H41,Liabilities structure,Financial ratios,46,"ANZSIC06 groups A011, A012, and A013"
2018,Level 3,AA11,Horticulture and Fruit Growing,Dollars (millions),H01,Total income,Financial performance,"4,478","ANZSIC06 groups A011, A012, and A013"
2018,Level 3,AA11,Horticulture and Fruit Growing,Dollars (millions),H04,"Sales, government funding, grants and subsidies",Financial performance,"4,164","ANZSIC06 groups A011, A012, and A013"
2018,Level 3,AA11,Horticulture and Fruit Growing,Dollars (millions),H05,"Interest, dividends and donations",Financial performance,103,"ANZSIC06 groups A011, A012, and A013"
2018,Level 3,AA11,Horticulture and Fruit Growing,Dollars (millions),H07,Non-operating income,Financial performance,211,"ANZSIC06 groups A011, A012, and A013"
2018,Level 3,AA11,Horticulture and Fruit Growing,Dollars (millions),H08,Total expenditure,Financial performance,"3,613","ANZSIC06 groups A011, A012, and A013"
2018,Level 3,AA11,Horticulture and Fruit Growing,Dollars (millions),H09,Interest and donations,Financial performance,181,"ANZSIC06 groups A011, A012, and A013"
2018,Level 3,AA11,Horticulture and Fruit Growing,Dollars (millions),H10,Indirect taxes,Financial performance,33,"ANZSIC06 groups A011, A012, and A013"
2018,Level 3,AA11,Horticulture and Fruit Growing,Dollars (millions),H11,Depreciation,Financial performance,202,"ANZSIC06 groups A011, A012, and A013"
2018,Level 3,AA11,Horticulture and Fruit Growing,Dollars (millions),H12,Salaries and wages paid,Financial performance,761,"ANZSIC06 groups A011, A012, and A013"
2018,Level 3,AA11,Horticulture and Fruit Growing,Dollars (millions),H13,Redundancy and severance,Financial performance,0,"ANZSIC06 groups A011, A012, and A013"
2018,Level 3,AA11,Horticulture and Fruit Growing,Dollars (millions),H19,Purchases and other operating expenses,Financial performance,"2,421","ANZSIC06 groups A011, A012, and A013"
2018,Level 3,AA11,Horticulture and Fruit Growing,Dollars (millions),H20,Non-operating expenses,Financial performance,14,"ANZSIC06 groups A011, A012, and A013"
2018,Level 3,AA11,Horticulture and Fruit Growing,Dollars (millions),H21,Opening stocks,Financial performance,336,"ANZSIC06 groups A011, A012, and A013"
2018,Level 3,AA11,Horticulture and Fruit Growing,Dollars (millions),H22,Closing stocks,Financial performance,333,"ANZSIC06 groups A011, A012, and A013"
2018,Level 3,AA11,Horticulture and Fruit Growing,Dollars (millions),H23,Surplus before income tax,Financial performance,863,"ANZSIC06 groups A011, A012, and A013"
2018,Level 3,AA11,Horticulture and Fruit Growing,Dollars (millions),H24,Total assets,Financial position,"13,261","ANZSIC06 groups A011, A012, and A013"
2018,Level 3,AA11,Horticulture and Fruit Growing,Dollars (millions),H25,Current assets,Financial position,"2,376","ANZSIC06 groups A011, A012, and A013"
2018,Level 3,AA11,Horticulture and Fruit Growing,Dollars (millions),H26,Fixed tangible assets,Financial position,"8,753","ANZSIC06 groups A011, A012, and A013"
2018,Level 3,AA11,Horticulture and Fruit Growing,Dollars (millions),H29,Other assets,Financial position,"2,132","ANZSIC06 groups A011, A012, and A013"
2018,Level 3,AA11,Horticulture and Fruit Growing,Dollars (millions),H30,Total equity and liabilities,Financial position,"13,261","ANZSIC06 groups A011, A012, and A013"
2018,Level 3,AA11,Horticulture and Fruit Growing,Dollars (millions),H31,Shareholders funds or owners equity,Financial position,"6,133","ANZSIC06 groups A011, A012, and A013"
2018,Level 3,AA11,Horticulture and Fruit Growing,Dollars (millions),H32,Current liabilities,Financial position,"3,227","ANZSIC06 groups A011, A012, and A013"
2018,Level 3,AA11,Horticulture and Fruit Growing,Dollars (millions),H33,Other liabilities,Financial position,"3,901","ANZSIC06 groups A011, A012, and A013"
2018,Level 3,AA11,Horticulture and Fruit Growing,Dollars,H34,Total income per employee count,Financial ratios,"181,600","ANZSIC06 groups A011, A012, and A013"
2018,Level 3,AA11,Horticulture and Fruit Growing,Dollars,H35,Surplus per employee count,Financial ratios,"35,000","ANZSIC06 groups A011, A012, and A013"
2018,Level 3,AA11,Horticulture and Fruit Growing,Percentage,H36,Current ratio,Financial ratios,74,"ANZSIC06 groups A011, A012, and A013"
2018,Level 3,AA11,Horticulture and Fruit Growing,Percentage,H37,Quick ratio,Financial ratios,63,"ANZSIC06 groups A011, A012, and A013"
2018,Level 3,AA11,Horticulture and Fruit Growing,Percentage,H39,Return on equity,Financial ratios,14,"ANZSIC06 groups A011, A012, and A013"
2018,Level 3,AA11,Horticulture and Fruit Growing,Percentage,H40,Return on total assets,Financial ratios,7,"ANZSIC06 groups A011, A012, and A013"
2018,Level 3,AA11,Horticulture and Fruit Growing,Percentage,H41,Liabilities structure,Financial ratios,46,"ANZSIC06 groups A011, A012, and A013"
2018,Level 4,AA121,"Sheep, Beef Cattle and Grain Farming",Dollars (millions),H01,Total income,Financial performance,"11,555",ANZSIC06 groups A014 and A015
2018,Level 4,AA121,"Sheep, Beef Cattle and Grain Farming",Dollars (millions),H04,"Sales, government funding, grants and subsidies",Financial performance,"10,812",ANZSIC06 groups A014 and A015
2018,Level 4,AA121,"Sheep, Beef Cattle and Grain Farming",Dollars (millions),H05,"Interest, dividends and donations",Financial performance,135,ANZSIC06 groups A014 and A015
2018,Level 4,AA121,"Sheep, Beef Cattle and Grain Farming",Dollars (millions),H07,Non-operating income,Financial performance,608,ANZSIC06 groups A014 and A015
2018,Level 4,AA121,"Sheep, Beef Cattle and Grain Farming",Dollars (millions),H08,Total expenditure,Financial performance,"9,867",ANZSIC06 groups A014 and A015
2018,Level 4,AA121,"Sheep, Beef Cattle and Grain Farming",Dollars (millions),H09,Interest and donations,Financial performance,699,ANZSIC06 groups A014 and A015
2018,Level 4,AA121,"Sheep, Beef Cattle and Grain Farming",Dollars (millions),H10,Indirect taxes,Financial performance,178,ANZSIC06 groups A014 and A015
2018,Level 4,AA121,"Sheep, Beef Cattle and Grain Farming",Dollars (millions),H11,Depreciation,Financial performance,526,ANZSIC06 groups A014 and A015
2018,Level 4,AA121,"Sheep, Beef Cattle and Grain Farming",Dollars (millions),H12,Salaries and wages paid,Financial performance,998,ANZSIC06 groups A014 and A015
2018,Level 4,AA121,"Sheep, Beef Cattle and Grain Farming",Dollars (millions),H13,Redundancy and severance,Financial performance,0,ANZSIC06 groups A014 and A015
2018,Level 4,AA121,"Sheep, Beef Cattle and Grain Farming",Dollars (millions),H19,Purchases and other operating expenses,Financial performance,"7,416",ANZSIC06 groups A014 and A015
2018,Level 4,AA121,"Sheep, Beef Cattle and Grain Farming",Dollars (millions),H20,Non-operating expenses,Financial performance,50,ANZSIC06 groups A014 and A015
2018,Level 4,AA121,"Sheep, Beef Cattle and Grain Farming",Dollars (millions),H21,Opening stocks,Financial performance,"6,246",ANZSIC06 groups A014 and A015
2018,Level 4,AA121,"Sheep, Beef Cattle and Grain Farming",Dollars (millions),H22,Closing stocks,Financial performance,"6,393",ANZSIC06 groups A014 and A015
2018,Level 4,AA121,"Sheep, Beef Cattle and Grain Farming",Dollars (millions),H23,Surplus before income tax,Financial performance,"1,835",ANZSIC06 groups A014 and A015
2018,Level 4,AA121,"Sheep, Beef Cattle and Grain Farming",Dollars (millions),H24,Total assets,Financial position,"56,454",ANZSIC06 groups A014 and A015
2018,Level 4,AA121,"Sheep, Beef Cattle and Grain Farming",Dollars (millions),H25,Current assets,Financial position,"12,803",ANZSIC06 groups A014 and A015
2018,Level 4,AA121,"Sheep, Beef Cattle and Grain Farming",Dollars (millions),H26,Fixed tangible assets,Financial position,"35,858",ANZSIC06 groups A014 and A015
2018,Level 4,AA121,"Sheep, Beef Cattle and Grain Farming",Dollars (millions),H29,Other assets,Financial position,"7,793",ANZSIC06 groups A014 and A015
2018,Level 4,AA121,"Sheep, Beef Cattle and Grain Farming",Dollars (millions),H30,Total equity and liabilities,Financial position,"56,454",ANZSIC06 groups A014 and A015
2018,Level 4,AA121,"Sheep, Beef Cattle and Grain Farming",Dollars (millions),H31,Shareholders funds or owners equity,Financial position,"31,056",ANZSIC06 groups A014 and A015
2018,Level 4,AA121,"Sheep, Beef Cattle and Grain Farming",Dollars (millions),H32,Current liabilities,Financial position,"9,333",ANZSIC06 groups A014 and A015
2018,Level 4,AA121,"Sheep, Beef Cattle and Grain Farming",Dollars (millions),H33,Other liabilities,Financial position,"16,065",ANZSIC06 groups A014 and A015
2018,Level 4,AA121,"Sheep, Beef Cattle and Grain Farming",Dollars,H34,Total income per employee count,Financial ratios,"542,300",ANZSIC06 groups A014 and A015
2018,Level 4,AA121,"Sheep, Beef Cattle and Grain Farming",Dollars,H35,Surplus per employee count,Financial ratios,"86,100",ANZSIC06 groups A014 and A015
2018,Level 4,AA121,"Sheep, Beef Cattle and Grain Farming",Percentage,H36,Current ratio,Financial ratios,137,ANZSIC06 groups A014 and A015
2018,Level 4,AA121,"Sheep, Beef Cattle and Grain Farming",Percentage,H37,Quick ratio,Financial ratios,69,ANZSIC06 groups A014 and A015
2018,Level 4,AA121,"Sheep, Beef Cattle and Grain Farming",Percentage,H39,Return on equity,Financial ratios,6,ANZSIC06 groups A014 and A015
2018,Level 4,AA121,"Sheep, Beef Cattle and Grain Farming",Percentage,H40,Return on total assets,Financial ratios,3,ANZSIC06 groups A014 and A015
2018,Level 4,AA121,"Sheep, Beef Cattle and Grain Farming",Percentage,H41,Liabilities structure,Financial ratios,55,ANZSIC06 groups A014 and A015
2018,Level 3,AA12,"Sheep, Beef Cattle and Grain Farming",Dollars (millions),H01,Total income,Financial performance,"11,555",ANZSIC06 groups A014 and A015
2018,Level 3,AA12,"Sheep, Beef Cattle and Grain Farming",Dollars (millions),H04,"Sales, government funding, grants and subsidies",Financial performance,"10,812",ANZSIC06 groups A014 and A015
2018,Level 3,AA12,"Sheep, Beef Cattle and Grain Farming",Dollars (millions),H05,"Interest, dividends and donations",Financial performance,135,ANZSIC06 groups A014 and A015
2018,Level 3,AA12,"Sheep, Beef Cattle and Grain Farming",Dollars (millions),H07,Non-operating income,Financial performance,608,ANZSIC06 groups A014 and A015
2018,Level 3,AA12,"Sheep, Beef Cattle and Grain Farming",Dollars (millions),H08,Total expenditure,Financial performance,"9,867",ANZSIC06 groups A014 and A015
2018,Level 3,AA12,"Sheep, Beef Cattle and Grain Farming",Dollars (millions),H09,Interest and donations,Financial performance,699,ANZSIC06 groups A014 and A015
2018,Level 3,AA12,"Sheep, Beef Cattle and Grain Farming",Dollars (millions),H10,Indirect taxes,Financial performance,178,ANZSIC06 groups A014 and A015
2018,Level 3,AA12,"Sheep, Beef Cattle and Grain Farming",Dollars (millions),H11,Depreciation,Financial performance,526,ANZSIC06 groups A014 and A015
2018,Level 3,AA12,"Sheep, Beef Cattle and Grain Farming",Dollars (millions),H12,Salaries and wages paid,Financial performance,998,ANZSIC06 groups A014 and A015
2018,Level 3,AA12,"Sheep, Beef Cattle and Grain Farming",Dollars (millions),H13,Redundancy and severance,Financial performance,0,ANZSIC06 groups A014 and A015
2018,Level 3,AA12,"Sheep, Beef Cattle and Grain Farming",Dollars (millions),H19,Purchases and other operating expenses,Financial performance,"7,416",ANZSIC06 groups A014 and A015
2018,Level 3,AA12,"Sheep, Beef Cattle and Grain Farming",Dollars (millions),H20,Non-operating expenses,Financial performance,50,ANZSIC06 groups A014 and A015
2018,Level 3,AA12,"Sheep, Beef Cattle and Grain Farming",Dollars (millions),H21,Opening stocks,Financial performance,"6,246",ANZSIC06 groups A014 and A015
2018,Level 3,AA12,"Sheep, Beef Cattle and Grain Farming",Dollars (millions),H22,Closing stocks,Financial performance,"6,393",ANZSIC06 groups A014 and A015
2018,Level 3,AA12,"Sheep, Beef Cattle and Grain Farming",Dollars (millions),H23,Surplus before income tax,Financial performance,"1,835",ANZSIC06 groups A014 and A015
2018,Level 3,AA12,"Sheep, Beef Cattle and Grain Farming",Dollars (millions),H24,Total assets,Financial position,"56,454",ANZSIC06 groups A014 and A015
2018,Level 3,AA12,"Sheep, Beef Cattle and Grain Farming",Dollars (millions),H25,Current assets,Financial position,"12,803",ANZSIC06 groups A014 and A015
2018,Level 3,AA12,"Sheep, Beef Cattle and Grain Farming",Dollars (millions),H26,Fixed tangible assets,Financial position,"35,858",ANZSIC06 groups A014 and A015
2018,Level 3,AA12,"Sheep, Beef Cattle and Grain Farming",Dollars (millions),H29,Other assets,Financial position,"7,793",ANZSIC06 groups A014 and A015
2018,Level 3,AA12,"Sheep, Beef Cattle and Grain Farming",Dollars (millions),H30,Total equity and liabilities,Financial position,"56,454",ANZSIC06 groups A014 and A015
2018,Level 3,AA12,"Sheep, Beef Cattle and Grain Farming",Dollars (millions),H31,Shareholders funds or owners equity,Financial position,"31,056",ANZSIC06 groups A014 and A015
2018,Level 3,AA12,"Sheep, Beef Cattle and Grain Farming",Dollars (millions),H32,Current liabilities,Financial position,"9,333",ANZSIC06 groups A014 and A015
2018,Level 3,AA12,"Sheep, Beef Cattle and Grain Farming",Dollars (millions),H33,Other liabilities,Financial position,"16,065",ANZSIC06 groups A014 and A015
2018,Level 3,AA12,"Sheep, Beef Cattle and Grain Farming",Dollars,H34,Total income per employee count,Financial ratios,"542,300",ANZSIC06 groups A014 and A015
2018,Level 3,AA12,"Sheep, Beef Cattle and Grain Farming",Dollars,H35,Surplus per employee count,Financial ratios,"86,100",ANZSIC06 groups A014 and A015
2018,Level 3,AA12,"Sheep, Beef Cattle and Grain Farming",Percentage,H36,Current ratio,Financial ratios,137,ANZSIC06 groups A014 and A015
2018,Level 3,AA12,"Sheep, Beef Cattle and Grain Farming",Percentage,H37,Quick ratio,Financial ratios,69,ANZSIC06 groups A014 and A015
2018,Level 3,AA12,"Sheep, Beef Cattle and Grain Farming",Percentage,H39,Return on equity,Financial ratios,6,ANZSIC06 groups A014 and A015
2018,Level 3,AA12,"Sheep, Beef Cattle and Grain Farming",Percentage,H40,Return on total assets,Financial ratios,3,ANZSIC06 groups A014 and A015
2018,Level 3,AA12,"Sheep, Beef Cattle and Grain Farming",Percentage,H41,Liabilities structure,Financial ratios,55,ANZSIC06 groups A014 and A015
2018,Level 4,AA131,Dairy Cattle Farming,Dollars (millions),H01,Total income,Financial performance,"13,537",ANZSIC06 group A016
2018,Level 4,AA131,Dairy Cattle Farming,Dollars (millions),H04,"Sales, government funding, grants and subsidies",Financial performance,"13,011",ANZSIC06 group A016
2018,Level 4,AA131,Dairy Cattle Farming,Dollars (millions),H05,"Interest, dividends and donations",Financial performance,181,ANZSIC06 group A016
2018,Level 4,AA131,Dairy Cattle Farming,Dollars (millions),H07,Non-operating income,Financial performance,345,ANZSIC06 group A016
2018,Level 4,AA131,Dairy Cattle Farming,Dollars (millions),H08,Total expenditure,Financial performance,"11,658",ANZSIC06 group A016
2018,Level 4,AA131,Dairy Cattle Farming,Dollars (millions),H09,Interest and donations,Financial performance,"1,568",ANZSIC06 group A016
2018,Level 4,AA131,Dairy Cattle Farming,Dollars (millions),H10,Indirect taxes,Financial performance,172,ANZSIC06 group A016
2018,Level 4,AA131,Dairy Cattle Farming,Dollars (millions),H11,Depreciation,Financial performance,633,ANZSIC06 group A016
2018,Level 4,AA131,Dairy Cattle Farming,Dollars (millions),H12,Salaries and wages paid,Financial performance,"1,442",ANZSIC06 group A016
2018,Level 4,AA131,Dairy Cattle Farming,Dollars (millions),H13,Redundancy and severance,Financial performance,0,ANZSIC06 group A016
2018,Level 4,AA131,Dairy Cattle Farming,Dollars (millions),H19,Purchases and other operating expenses,Financial performance,"7,807",ANZSIC06 group A016
2018,Level 4,AA131,Dairy Cattle Farming,Dollars (millions),H20,Non-operating expenses,Financial performance,35,ANZSIC06 group A016
2018,Level 4,AA131,Dairy Cattle Farming,Dollars (millions),H21,Opening stocks,Financial performance,"6,521",ANZSIC06 group A016
2018,Level 4,AA131,Dairy Cattle Farming,Dollars (millions),H22,Closing stocks,Financial performance,"6,388",ANZSIC06 group A016
2018,Level 4,AA131,Dairy Cattle Farming,Dollars (millions),H23,Surplus before income tax,Financial performance,"1,746",ANZSIC06 group A016
2018,Level 4,AA131,Dairy Cattle Farming,Dollars (millions),H24,Total assets,Financial position,"64,724",ANZSIC06 group A016
2018,Level 4,AA131,Dairy Cattle Farming,Dollars (millions),H25,Current assets,Financial position,"11,749",ANZSIC06 group A016
2018,Level 4,AA131,Dairy Cattle Farming,Dollars (millions),H26,Fixed tangible assets,Financial position,"41,237",ANZSIC06 group A016
2018,Level 4,AA131,Dairy Cattle Farming,Dollars (millions),H29,Other assets,Financial position,"11,738",ANZSIC06 group A016
2018,Level 4,AA131,Dairy Cattle Farming,Dollars (millions),H30,Total equity and liabilities,Financial position,"64,724",ANZSIC06 group A016
2018,Level 4,AA131,Dairy Cattle Farming,Dollars (millions),H31,Shareholders funds or owners equity,Financial position,"22,473",ANZSIC06 group A016
2018,Level 4,AA131,Dairy Cattle Farming,Dollars (millions),H32,Current liabilities,Financial position,"10,559",ANZSIC06 group A016
2018,Level 4,AA131,Dairy Cattle Farming,Dollars (millions),H33,Other liabilities,Financial position,"31,693",ANZSIC06 group A016
2018,Level 4,AA131,Dairy Cattle Farming,Dollars,H34,Total income per employee count,Financial ratios,"536,400",ANZSIC06 group A016
2018,Level 4,AA131,Dairy Cattle Farming,Dollars,H35,Surplus per employee count,Financial ratios,"69,200",ANZSIC06 group A016
2018,Level 4,AA131,Dairy Cattle Farming,Percentage,H36,Current ratio,Financial ratios,111,ANZSIC06 group A016
2018,Level 4,AA131,Dairy Cattle Farming,Percentage,H37,Quick ratio,Financial ratios,51,ANZSIC06 group A016
2018,Level 4,AA131,Dairy Cattle Farming,Percentage,H39,Return on equity,Financial ratios,8,ANZSIC06 group A016
2018,Level 4,AA131,Dairy Cattle Farming,Percentage,H40,Return on total assets,Financial ratios,3,ANZSIC06 group A016
2018,Level 4,AA131,Dairy Cattle Farming,Percentage,H41,Liabilities structure,Financial ratios,35,ANZSIC06 group A016
2018,Level 3,AA13,Dairy Cattle Farming,Dollars (millions),H01,Total income,Financial performance,"13,537",ANZSIC06 group A016
2018,Level 3,AA13,Dairy Cattle Farming,Dollars (millions),H04,"Sales, government funding, grants and subsidies",Financial performance,"13,011",ANZSIC06 group A016
2018,Level 3,AA13,Dairy Cattle Farming,Dollars (millions),H05,"Interest, dividends and donations",Financial performance,181,ANZSIC06 group A016
2018,Level 3,AA13,Dairy Cattle Farming,Dollars (millions),H07,Non-operating income,Financial performance,345,ANZSIC06 group A016
2018,Level 3,AA13,Dairy Cattle Farming,Dollars (millions),H08,Total expenditure,Financial performance,"11,658",ANZSIC06 group A016
2018,Level 3,AA13,Dairy Cattle Farming,Dollars (millions),H09,Interest and donations,Financial performance,"1,568",ANZSIC06 group A016
2018,Level 3,AA13,Dairy Cattle Farming,Dollars (millions),H10,Indirect taxes,Financial performance,172,ANZSIC06 group A016
2018,Level 3,AA13,Dairy Cattle Farming,Dollars (millions),H11,Depreciation,Financial performance,633,ANZSIC06 group A016
2018,Level 3,AA13,Dairy Cattle Farming,Dollars (millions),H12,Salaries and wages paid,Financial performance,"1,442",ANZSIC06 group A016
2018,Level 3,AA13,Dairy Cattle Farming,Dollars (millions),H13,Redundancy and severance,Financial performance,0,ANZSIC06 group A016
2018,Level 3,AA13,Dairy Cattle Farming,Dollars (millions),H19,Purchases and other operating expenses,Financial performance,"7,807",ANZSIC06 group A016
2018,Level 3,AA13,Dairy Cattle Farming,Dollars (millions),H20,Non-operating expenses,Financial performance,35,ANZSIC06 group A016
2018,Level 3,AA13,Dairy Cattle Farming,Dollars (millions),H21,Opening stocks,Financial performance,"6,521",ANZSIC06 group A016
2018,Level 3,AA13,Dairy Cattle Farming,Dollars (millions),H22,Closing stocks,Financial performance,"6,388",ANZSIC06 group A016
2018,Level 3,AA13,Dairy Cattle Farming,Dollars (millions),H23,Surplus before income tax,Financial performance,"1,746",ANZSIC06 group A016
2018,Level 3,AA13,Dairy Cattle Farming,Dollars (millions),H24,Total assets,Financial position,"64,724",ANZSIC06 group A016
2018,Level 3,AA13,Dairy Cattle Farming,Dollars (millions),H25,Current assets,Financial position,"11,749",ANZSIC06 group A016
2018,Level 3,AA13,Dairy Cattle Farming,Dollars (millions),H26,Fixed tangible assets,Financial position,"41,237",ANZSIC06 group A016
2018,Level 3,AA13,Dairy Cattle Farming,Dollars (millions),H29,Other assets,Financial position,"11,738",ANZSIC06 group A016
2018,Level 3,AA13,Dairy Cattle Farming,Dollars (millions),H30,Total equity and liabilities,Financial position,"64,724",ANZSIC06 group A016
2018,Level 3,AA13,Dairy Cattle Farming,Dollars (millions),H31,Shareholders funds or owners equity,Financial position,"22,473",ANZSIC06 group A016
2018,Level 3,AA13,Dairy Cattle Farming,Dollars (millions),H32,Current liabilities,Financial position,"10,559",ANZSIC06 group A016
2018,Level 3,AA13,Dairy Cattle Farming,Dollars (millions),H33,Other liabilities,Financial position,"31,693",ANZSIC06 group A016
2018,Level 3,AA13,Dairy Cattle Farming,Dollars,H34,Total income per employee count,Financial ratios,"536,400",ANZSIC06 group A016
2018,Level 3,AA13,Dairy Cattle Farming,Dollars,H35,Surplus per employee count,Financial ratios,"69,200",ANZSIC06 group A016
2018,Level 3,AA13,Dairy Cattle Farming,Percentage,H36,Current ratio,Financial ratios,111,ANZSIC06 group A016
2018,Level 3,AA13,Dairy Cattle Farming,Percentage,H37,Quick ratio,Financial ratios,51,ANZSIC06 group A016
2018,Level 3,AA13,Dairy Cattle Farming,Percentage,H39,Return on equity,Financial ratios,8,ANZSIC06 group A016
2018,Level 3,AA13,Dairy Cattle Farming,Percentage,H40,Return on total assets,Financial ratios,3,ANZSIC06 group A016
2018,Level 3,AA13,Dairy Cattle Farming,Percentage,H41,Liabilities structure,Financial ratios,35,ANZSIC06 group A016
2018,Level 4,AA141,"Poultry, Deer and Other Livestock Farming",Dollars (millions),H01,Total income,Financial performance,"2,170","ANZSIC06 groups A017, A018, and A019"
2018,Level 4,AA141,"Poultry, Deer and Other Livestock Farming",Dollars (millions),H04,"Sales, government funding, grants and subsidies",Financial performance,"2,087","ANZSIC06 groups A017, A018, and A019"
2018,Level 4,AA141,"Poultry, Deer and Other Livestock Farming",Dollars (millions),H05,"Interest, dividends and donations",Financial performance,24,"ANZSIC06 groups A017, A018, and A019"
2018,Level 4,AA141,"Poultry, Deer and Other Livestock Farming",Dollars (millions),H07,Non-operating income,Financial performance,59,"ANZSIC06 groups A017, A018, and A019"
2018,Level 4,AA141,"Poultry, Deer and Other Livestock Farming",Dollars (millions),H08,Total expenditure,Financial performance,"1,937","ANZSIC06 groups A017, A018, and A019"
2018,Level 4,AA141,"Poultry, Deer and Other Livestock Farming",Dollars (millions),H09,Interest and donations,Financial performance,101,"ANZSIC06 groups A017, A018, and A019"
2018,Level 4,AA141,"Poultry, Deer and Other Livestock Farming",Dollars (millions),H10,Indirect taxes,Financial performance,14,"ANZSIC06 groups A017, A018, and A019"
2018,Level 4,AA141,"Poultry, Deer and Other Livestock Farming",Dollars (millions),H11,Depreciation,Financial performance,109,"ANZSIC06 groups A017, A018, and A019"
2018,Level 4,AA141,"Poultry, Deer and Other Livestock Farming",Dollars (millions),H12,Salaries and wages paid,Financial performance,280,"ANZSIC06 groups A017, A018, and A019"
2018,Level 4,AA141,"Poultry, Deer and Other Livestock Farming",Dollars (millions),H13,Redundancy and severance,Financial performance,0,"ANZSIC06 groups A017, A018, and A019"
2018,Level 4,AA141,"Poultry, Deer and Other Livestock Farming",Dollars (millions),H19,Purchases and other operating expenses,Financial performance,"1,427","ANZSIC06 groups A017, A018, and A019"
2018,Level 4,AA141,"Poultry, Deer and Other Livestock Farming",Dollars (millions),H20,Non-operating expenses,Financial performance,6,"ANZSIC06 groups A017, A018, and A019"
2018,Level 4,AA141,"Poultry, Deer and Other Livestock Farming",Dollars (millions),H21,Opening stocks,Financial performance,626,"ANZSIC06 groups A017, A018, and A019"
2018,Level 4,AA141,"Poultry, Deer and Other Livestock Farming",Dollars (millions),H22,Closing stocks,Financial performance,660,"ANZSIC06 groups A017, A018, and A019"
2018,Level 4,AA141,"Poultry, Deer and Other Livestock Farming",Dollars (millions),H23,Surplus before income tax,Financial performance,267,"ANZSIC06 groups A017, A018, and A019"
2018,Level 4,AA141,"Poultry, Deer and Other Livestock Farming",Dollars (millions),H24,Total assets,Financial position,"6,579","ANZSIC06 groups A017, A018, and A019"
2018,Level 4,AA141,"Poultry, Deer and Other Livestock Farming",Dollars (millions),H25,Current assets,Financial position,"1,855","ANZSIC06 groups A017, A018, and A019"
2018,Level 4,AA141,"Poultry, Deer and Other Livestock Farming",Dollars (millions),H26,Fixed tangible assets,Financial position,"3,834","ANZSIC06 groups A017, A018, and A019"
